iteration,top1,param_name,normalized_macs,total_macs
1,86.91,module.layer2.1.conv1.weight,0.9890909090909091,40108032
2,87.1,module.layer1.2.conv2.weight,0.9836363636363636,39886848
3,87.65,module.layer3.1.conv2.weight,0.9727272727272728,39444480
4,86.57000000000001,module.layer3.0.conv1.weight,0.9645454545454546,39112704
5,87.21,module.layer1.0.conv2.weight,0.9572727272727273,38817792
6,87.42,module.layer1.0.conv2.weight,0.95,38522880
7,87.29,module.layer2.1.conv2.weight,0.9396022727272727,38101248
8,87.17,module.layer1.0.conv1.weight,0.9327840909090909,37824768
9,87.02,module.layer2.0.conv2.weight,0.9223863636363636,37403136
10,86.82,module.layer3.2.conv1.weight,0.9119886363636364,36981504
11,87.14999999999999,module.layer2.2.conv2.weight,0.9040625,36660096
12,87.11,module.layer2.2.conv1.weight,0.8941761363636364,36259200
13,87.22,module.layer1.0.conv1.weight,0.8873579545454545,35982720
14,87.05000000000001,module.layer1.2.conv2.weight,0.8819034090909091,35761536
15,87.56,module.layer1.0.conv1.weight,0.8750852272727273,35485056
16,86.83,module.layer1.2.conv1.weight,0.8682670454545455,35208576
17,86.92,module.layer1.2.conv1.weight,0.8614488636363636,34932096
18,86.94,module.layer1.2.conv1.weight,0.8546306818181818,34655616
19,87.19,module.layer3.0.conv1.weight,0.8480255681818182,34387776
20,87.22,module.layer3.0.conv2.weight,0.8380539772727272,33983424
21,86.46000000000001,module.layer3.2.conv2.weight,0.8331107954545455,33782976
22,87.09,module.layer2.2.conv1.weight,0.8265198863636364,33515712
23,86.94999999999999,module.conv1.weight,0.8228835227272727,33368256
24,86.32,module.layer3.0.conv2.weight,0.8145738636363636,33031296
25,86.4,module.layer2.0.conv2.weight,0.8076420454545454,32750208
26,86.14999999999999,module.layer2.2.conv1.weight,0.8010511363636363,32482944
27,86.84,module.layer1.1.conv2.weight,0.7944602272727272,32215680
28,86.18,module.layer1.0.conv2.weight,0.7878693181818182,31948416
29,86.64,module.layer3.2.conv2.weight,0.78375,31781376
30,87.3,module.layer3.1.conv2.weight,0.7750852272727272,31430016
31,86.76,module.layer2.1.conv1.weight,0.7687215909090909,31171968
32,86.43,module.layer2.1.conv1.weight,0.7623579545454545,30913920
33,86.76,module.layer1.2.conv1.weight,0.7557670454545454,30646656
34,87.21,module.layer1.1.conv1.weight,0.7494034090909091,30388608
35,86.64,module.layer1.2.conv1.weight,0.7428125,30121344
36,87.14,module.layer3.1.conv2.weight,0.7341477272727273,29769984
37,86.56,module.layer2.1.conv2.weight,0.7284659090909091,29539584
38,86.38,module.layer3.0.conv1.weight,0.7226420454545455,29303424
39,86.86,module.layer1.2.conv2.weight,0.7183238636363637,29128320
40,86.67,module.layer2.1.conv2.weight,0.7126420454545455,28897920
41,86.57000000000001,module.layer1.2.conv1.weight,0.7062784090909091,28639872
42,87.03,module.layer2.0.conv1.weight,0.6994602272727273,28363392
43,86.25,module.layer1.0.conv2.weight,0.6930965909090909,28105344
44,86.33,module.layer1.1.conv1.weight,0.6869602272727273,27856512
45,86.4,module.layer1.0.conv1.weight,0.6808238636363636,27607680
46,86.14,module.conv1.weight,0.6774147727272727,27469440
47,86.91,module.layer2.1.conv1.weight,0.6715056818181818,27229824
48,86.58,module.conv1.weight,0.6680965909090909,27091584
49,86.11999999999999,module.conv1.weight,0.6646875,26953344
50,86.36,module.layer1.0.conv1.weight,0.6592329545454545,26732160
51,86.75,module.layer3.2.conv2.weight,0.6551136363636364,26565120
52,86.58,module.layer1.2.conv1.weight,0.64875,26307072
53,86.7,module.layer3.2.conv2.weight,0.6454545454545455,26173440
54,85.39,module.layer2.2.conv2.weight,0.64125,26002944
55,86.50999999999999,module.layer3.2.conv2.weight,0.6379545454545454,25869312
56,86.59,module.layer1.0.conv2.weight,0.6322727272727273,25638912
57,86.96000000000001,module.layer1.2.conv2.weight,0.6285795454545454,25489152
58,86.2,module.layer2.0.conv2.weight,0.6226704545454546,25249536
59,86.77,module.layer1.0.conv1.weight,0.6174431818181818,25037568
60,86.45,module.layer3.1.conv2.weight,0.6105113636363636,24756480
61,86.28,module.layer3.2.conv2.weight,0.6072159090909091,24622848
62,86.07000000000001,module.layer3.2.conv2.weight,0.6047443181818182,24522624
63,86.6,module.layer3.2.conv1.weight,0.5992755681818182,24300864
64,86.39,module.layer2.2.conv1.weight,0.5933664772727273,24061248
65,85.96000000000001,module.layer3.1.conv1.weight,0.5850994318181818,23726016
66,85.84,module.layer3.0.conv1.weight,0.5805539772727273,23541696
67,86.14,module.layer1.0.conv1.weight,0.5753267045454545,23329728
68,85.66,module.layer2.0.conv2.weight,0.5694176136363637,23090112
69,85.82,module.layer2.0.conv1.weight,0.5654403409090909,22928832
70,86.35,module.layer1.0.conv2.weight,0.5602130681818182,22716864
71,86.14999999999999,module.layer3.0.conv2.weight,0.55296875,22423104
72,86.11999999999999,module.layer3.1.conv1.weight,0.546434659090909,22158144
73,85.81,module.layer3.0.conv1.weight,0.5421732954545454,21985344
74,85.33999999999999,module.layer3.1.conv2.weight,0.5361505681818182,21741120
75,86.13,module.layer3.2.conv1.weight,0.5309659090909091,21530880
76,84.36,module.layer2.2.conv2.weight,0.5272159090909091,21378816
77,86.0,module.layer2.0.conv1.weight,0.5232386363636363,21217536
78,85.9,module.layer3.2.conv1.weight,0.519090909090909,21049344
79,85.33,module.layer2.2.conv1.weight,0.5134090909090909,20818944
80,85.18,module.layer1.1.conv1.weight,0.5077272727272727,20588544
81,85.50999999999999,module.layer3.2.conv2.weight,0.5058522727272727,20512512
82,86.08,module.layer2.0.conv2.weight,0.5003977272727272,20291328
83,86.27,module.layer3.0.conv2.weight,0.49511363636363637,20077056
